mysql> use collegedata;
Database changed
mysql> show tables;
+-----------------------+
| Tables_in_collegedata |
+-----------------------+
| data                  |
+-----------------------+
1 row in set (0.01 sec)

mysql> delimiter //
mysql> create procedure pr()
    -> begin
    -> select id,name from data;
    -> end
    -> //
Query OK, 0 rows affected (0.03 sec)

mysql> delimiter ;
mysql> call pr();
+------+---------+
| id   | name    |
+------+---------+
|  101 | Nayan   |
|  102 | Liam    |
|  103 | Maria   |
|  104 | Castina |
+------+---------+
4 rows in set (0.01 sec)

Query OK, 0 rows affected (0.03 sec)

-------------------------
Procedure Examples
-------------------------

mysql> delimiter //
mysql> create procedure hello()
    -> begin
    -> select ' Hello guys ';
    -> end
    -> //
Query OK, 0 rows affected (0.01 sec)

mysql> delimiter;
    -> ^C
mysql> delimiter ;
mysql> call hello();
+--------------+
| Hello guys   |
+--------------+
|       Hello guys  |
+--------------+
1 row in set (0.00 sec)

Query OK, 0 rows affected (0.01 sec)

mysql> delimiter //
mysql> create procedure calculate_sum()
    -> begin
    -> declare a,b,c int;
    -> set a = 25;
    -> set b = 25;
    -> set c=a+b;
    -> select a,b,c as sum;
    -> end //
Query OK, 0 rows affected (0.01 sec)

mysql> delimiter ;
mysql> call calculate_sum();
+------+------+------+
| a    | b    | sum  |
+------+------+------+
|   25 |   25 |   50 |
+------+------+------+
1 row in set (0.00 sec)

Query OK, 0 rows affected (0.01 sec)

---------------------
Function Examples
---------------------

mysql> create function hello(p char(20))
    -> returns char(20) deterministic
    -> return concat('Hello everyone',p);
Query OK, 0 rows affected (0.01 sec)

mysql> select hello('world');
+---------------------+
| hello('world')      |
+---------------------+
| Hello everyoneworld |
+---------------------+
1 row in set (0.00 sec)

mysql> delimiter //
mysql> create function calculate_grade(s1 int,s2 int,s3 int)
    -> returns varchar(20) deterministic
    -> begin
    -> declare t int;
    -> declare grade varchar(20);
    -> set t=(s1+s2+s3)/3;
    -> if t>80 then
    -> set grade='Distinction';
    -> else if(t>=75 and t<=80) then
    -> set grade= 'A+';
    -> else if(t>=71 and t<=74) then
    -> set grade= 'A';
    -> else if(t>=65 and t<=70) then
    -> set grade= 'B+';
    -> else if(t>=60 and t<=64) then
    -> set grade= 'B';
    -> else if(t>=55 and t<=59) then
    -> set grade= 'C+';
    -> else if(t>=50 and t<=54) then
    -> set grade= 'C';
    -> else if(t>=35 and t<=40) then
    -> set grade= 'Fail';
    -> end if;
    -> return(grade);
    -> end //
Query OK, 0 rows affected (0.01 sec)

mysql> delimiter ;

mysql> select Roll_no,Name,sub1,sub2,sub3,cal_grade(sub1,sub2,sub3) as
Grade from stud;
+--------+-------+------+------+------+-------------+
| rollno | name  | sub1 | sub2 | sub3 | grade       |
+--------+-------+------+------+------+-------------+
|      1 | Jimmy |   91 |   95 |   96 | Distinction |
|      2 | Liam  |   81 |   85 |   79 | Distinction |
|      3 | Lisha |   68 |   61 |   66 | B           |
|      4 | Nayan |   74 |   79 |   70 | A           |
|      5 | Anush |   50 |   55 |   60 | C+          |
|      6 | Nimya |   21 |   35 |   30 | Fail        |
+--------+-------+------+------+------+-------------+
6 rows in set (0.00 sec)
